6.2463,7.6871,6.998,7.4068,3.6587,3.8361,7.8072,-916.02
3.4794,3.9737,7.1163,2.9909,4.1793,5.8207,5.8691,179.89
4.0398,4.2668,7.847,4.9048,6.359,2.5561,5.8624,350
6.7548,7.837,4.5723,2.1576,5.0443,6.6457,4.6509,325.84
5.3297,4.2889,7.3,2.981,5.6062,3.6549,7.4103,-71.744
5.2032,4.5692,6.8608,6.8703,4.0143,4.6641,3.8508,406.72
4.8428,5.4009,5.943,9.0044,8.3316,8.4285,10.61,-748.84
6.5946,4.1843,6.5988,3.701,7.4363,5.9834,6.1729,559.69
8.445,6.4967,7.3962,3.1577,5.9394,8.6612,4.9085,1066.4
7.3633,6.2394,7.2554,4.753,5.7558,7.7726,6.2193,542.84
6.3024,7.357,2.6733,7.195,5.1967,9.0673,6.1845,-357.67
8.011,5.8186,6.7517,2.9975,5.2264,4.1756,5.6584,253.76
6.8623,2.5246,4.4855,5.4731,6.446,7.2199,4.4715,445.47
9.7166,4.4319,3.5829,6.5942,4.2878,4.1476,6.6122,-351.9
5.9293,4.9767,5.7151,6.0948,5.6383,9.7806,8.6168,-271.23
2.8949,3.9095,4.1612,6.3832,5.5223,7.8085,7.4535,-177.24
6.9993,5.3498,7.7615,5.366,7.5383,7.5756,6.3525,957.51
5.7632,7.6265,10.028,4.9917,9.4881,3.8453,4.6529,2375.2
4.0519,4.69,7.2614,5.4572,5.1978,5.1907,6.6518,128.47
5.5956,5.9295,9.1427,6.6612,5.0148,6.989,6.8851,393.35
4.2761,6.6837,6.5497,3.4257,4.9826,7.4201,7.0986,-98.057
6.985,6.9484,3.5571,5.539,5.8449,3.6812,4.3184,187.67
7.4914,3.5155,9.0123,4.9244,6.2785,6.6895,5.581,869.57
8.3643,6.2727,7.8294,6.2825,7.7881,5.9083,4.7109,1354.1
5.861,10.38,8.2763,5.1374,6.6152,5.628,6.6849,712.21
6.0408,5.7601,4.3491,2.1395,5.7613,4.016,5.0426,133.55
6.9239,6.5389,7.7031,6.7309,5.0672,3.9935,4.4287,664.54
7.5149,6.3631,8.5987,6.9418,6.2271,4.2905,5.3288,848.9
6.2915,3.6209,6.6649,5.1345,5.3262,4.9141,7.0887,29.671
6.0611,5.5114,0.93716,5.8753,3.3274,8.1664,3.1575,44.805
4.4309,5.8984,5.371,2.4305,7.4461,3.9273,7.0282,-62.272
5.4567,5.0426,2.9702,5.3918,5.7987,5.7738,5.0648,24.521
6.4168,7.2347,7.6231,7.8101,6.6353,4.9476,3.2128,1392.8
5.848,9.078,5.6512,5.7296,4.3681,7.4106,5.3837,187.12
9.3831,3.9442,6.4049,5.6968,4.3678,6.8433,5.3479,317.88
4.1351,6.4765,7.7719,6.4265,2.9461,4.9789,5.137,92.747
6.799,5.2043,5.5287,6.5415,4.7656,1.1605,6.1683,-218.81
6.1236,4.6565,5.386,6.1338,5.1246,4.9572,6.6457,-102.53
6.7668,7.871,3.339,8.1371,6.2352,7.3393,3.7872,506.2
7.1326,7.4469,6.9188,5.6525,3.987,5.2917,8.5198,-1082.8
7.3518,6.2238,5.5183,3.6768,3.4196,8.179,4.0674,386.26
3.3439,5.3389,4.5544,3.8427,5.2655,6.9286,5.6348,115.39
3.0778,6.4578,5.4833,10.082,5.142,8.9365,6.2871,145.37
4.806,7.5422,5.2818,5.236,6.914,6.1335,4.7675,698.73
5.086,5.5835,7.06,6.5698,3.3792,7.4893,3.2057,613.01
5.7902,6.7559,5.1679,4.4859,5.5512,4.3035,7.1623,-433.82
5.8513,6.4477,6.5386,4.9484,5.1364,7.8382,4.86,658.25
7.1837,2.9694,6.9768,2.4123,8.742,4.746,6.7191,539.52
7.2747,6.3016,5.4734,6.9801,6.3448,7.203,6.532,178.82
6.9,4.8873,4.4015,6.4331,7.9121,8.0403,7.003,170.53
3.3756,4.8238,4.7582,5.3664,5.2439,5.8924,7.3359,-317.08
7.8917,3.7655,4.9473,6.3078,7.7104,8.1603,5.1358,667.02
4.0718,4.412,6.0383,5.3783,7.084,5.5292,8.2149,-130.75
7.9568,8.1175,6.9172,4.6556,3.0818,3.4526,5.558,-166.66
6.8786,4.2748,3.0927,6.5433,4.0979,4.9761,5.6232,-171.39
4.6507,4.9695,6.3564,6.7128,4.7847,4.7573,4.7033,351.7
3.5503,6.9664,5.6145,6.8152,4.8207,3.8198,6.6606,-343.41
5.2303,3.6615,7.7032,7.6277,7.5871,9.7266,4.5361,1384.7
5.1859,5.4791,5.5255,6.9315,8.3617,6.8524,3.688,1107.8
5.6489,3.9598,7.4967,5.9943,5.8476,5.8836,3.3308,851.55
6.017,6.9488,5.3712,4.0354,6.8698,6.8174,7.2417,-70.521
6.3019,7.3123,4.7411,2.4829,1.6744,4.7318,7.387,-1177.2
5.857,5.9695,4.9824,4.3227,6.0628,4.7054,5.7558,120.2
5.0925,5.9648,8.0627,2.8071,5.648,4.3917,4.8681,716.78
3.0721,6.6786,5.5109,4.8181,6.4196,8.3047,7.6643,-167.54
5.4524,3.6703,3.7171,6.3037,4.6481,7.7551,3.4668,355.93
6.2151,6.432,7.0027,7.177,3.9222,5.2103,2.4875,746.67
4.2063,5.6953,5.8702,4.5139,6.3524,6.313,3.547,862.65
2.8444,8.724,6.8371,6.0509,7.2789,7.2789,2.3585,1937.3
8.8163,4.157,6.4373,5.6286,7.3845,5.6265,3.3044,944.1
5.1649,7.0762,6.5577,5.3314,4.3615,8.1428,7.2156,-255.37
5.2429,5.623,6.375,7.7337,2.7533,9.214,5.2965,131.8
4.0561,5.5812,3.2742,6.6123,4.5909,7.9058,4.7888,98.325
6.0261,5.3344,6.0295,5.672,5.1283,5.312,3.9714,544.62
3.5727,4.0472,5.6503,5.8735,4.2731,4.4087,4.0048,277.31
6.7853,5.5197,5.1381,6.7155,6.9242,6.736,3.9766,771.83
6.8499,6.0979,4.3118,6.18,7.1654,5.619,5.4036,288.56
5.8509,7.8752,5.0763,6.3512,6.5654,6.9221,6.2915,148.23
8.1461,4.1478,5.8731,5.5748,8.7988,4.1123,6.1724,454.2
6.6636,7.8792,6.1012,4.8707,5.8076,3.9123,5.6704,252.94
6.0519,5.413,5.1462,4.5749,4.9677,7.02,5.0949,294.52
3.6223,5.0402,6.6147,4.0783,6.3792,7.5081,6.1689,523.73
6.0486,8.1786,4.645,3.0374,5.489,5.6895,6.8763,-456.37
5.284,3.7683,4.6475,6.4633,5.3994,5.0763,5.9836,37.52
8.3054,6.7876,4.998,9.3382,5.6559,7.4591,4.091,662.18
5.2483,5.1798,4.5509,8.6868,7.4026,6.9479,9.227,-693.76
2.9723,4.0996,8.0859,5.2492,4.5135,6.4297,2.1611,841.56
4.1622,4.7941,3.1623,3.3764,6.8085,6.4938,5.0914,158
2.5211,6.5443,6.637,6.6829,6.0806,5.4456,4.3473,800.72
6.7909,4.8653,6.3446,6.4263,7.1136,8.5369,8.1952,151.96
4.2003,7.3812,4.7221,2.9569,4.9969,6.6398,6.0132,-91.559
9.1813,4.7884,8.2215,8.3195,3.8048,1.8932,6.7562,-205.42
6.1519,4.9082,5.8052,3.9764,4.9955,6.8183,3.4301,643.15
7.4194,7.1072,8.2699,5.366,6.5004,5.2977,4.2692,1289.4
6.3144,6.8503,6.6892,6.9342,6.7361,5.8306,5.6716,658.17
3.9842,6.7939,6.1633,5.2654,7.8066,4.8582,7.3568,73.151
6.5066,7.3944,6.0227,2.5546,5.148,7.3993,8.2933,-726.56
6.781,6.92,4.8183,6.9984,4.5376,4.4377,6.1619,-271.33
3.2125,5.32,3.8785,4.5187,7.7589,4.7601,8.5587,-715.05
5.1162,4.2215,5.8899,5.8929,2.9051,5.7894,4.2302,175.19
7.0071,5.0177,6.4112,7.2282,8.0166,7.0625,7.8693,273.06
4.3291,5.4255,7.2132,8.2372,5.5612,4.5832,7.0349,9.595
5.7413,8.1228,3.9211,2.8814,4.4133,6.3929,5.6073,-201.81
7.5715,5.1581,3.7672,6.6493,3.8652,8.0257,5.5843,-49.081
5.0442,3.748,7.8764,6.5164,6.1388,4.5397,4.9202,613.27
8.7633,8.0644,5.3233,7.0085,3.8492,6.5999,6.032,-220.48
4.3684,5.3796,7.1346,3.9011,1.8973,4.596,6.8542,-570.04
3.1172,7.2146,4.4667,5.7029,6.2489,5.2873,3.2557,691.92
6.5926,6.2471,6.5053,6.2348,4.5936,4.3174,4.1981,468.42
4.8529,2.9925,5.559,5.0961,6.6698,5.5092,5.9964,299.38
5.9098,7.0366,5.4883,6.4065,6.7519,6.3045,7.5556,-236.23
2.8354,6.6925,5.2397,4.8116,7.4834,7.427,7.6011,-87.88
7.975,4.7176,5.5483,5.0108,5.0133,4.1754,3.2742,479.64
3.3726,4.0154,5.7379,6.9138,9.2225,7.091,5.0433,924.88
5.0127,5.7641,6.178,4.7499,6.7573,3.7002,8.8617,-681.29
5.351,6.1774,5.3077,5.4975,5.2803,4.1557,8.0288,-726.25
6.08,6.088,6.6894,3.5125,4.6507,7.0245,6.4688,82.492
5.1769,4.9067,7.3729,3.7394,4.7886,6.0125,3.4673,742.18
7.9079,4.3058,5.2135,4.8947,6.562,4.6296,5.8309,217.01
6.3321,7.9793,7.7247,5.7274,5.1036,2.7346,3.5562,912.98
6.1681,5.9817,3.9596,3.9156,6.728,7.1022,7.064,-228.27
4.31,5.4943,5.9838,5.7068,6.7967,6.5968,5.9884,459.45
6.1292,3.016,7.4569,6.0973,5.5353,7.1345,6.5833,421.19
2.7702,4.6265,7.4886,6.9088,7.6484,5.8299,5.0108,969.45
6.7145,8.2458,6.5691,5.4069,3.7498,6.7105,4.2942,494.67
6.7204,6.8126,7.2148,5.8365,5.585,5.8297,3.4628,1051.1
6.9884,4.5923,5.9692,5.1986,7.1079,5.9145,6.6286,306.14
4.605,4.1667,4.5404,5.2044,4.7271,3.8494,6.3633,-188.18
4.9502,8.1536,7.6048,4.0633,5.8018,4.7251,7.1044,12.079
8.4279,5.2529,8.058,5.4196,7.485,5.3226,4.9074,1106.9
4.8299,7.0071,5.2127,4.3878,6.4604,6.1933,7.3667,-275.65
5.1664,2.5843,6.3055,6.9263,6.2914,2.5239,3.9667,346.57
7.3557,3.031,4.3826,5.5133,7.1188,6.0363,5.7328,276.08
7.8626,5.3345,4.3652,6.7083,5.9783,6.8441,6.0565,83.412
7.3851,7.8314,5.4677,7.239,5.9614,5.6777,3.9809,773.02
7.051,7.2941,4.8045,5.417,4.887,6.5777,7.5409,-672.5
1.9809,4.7299,7.3569,5.0594,7.892,8.733,7.8645,620.07
2.3447,4.8045,5.8044,9.1119,8.8074,7.8599,4.6025,1097.3
8.6833,7.7559,6.0782,4.4087,7.2067,7.9157,7.0427,310.75
5.4463,4.6956,6.8004,4.4474,6.199,3.2158,4.2518,568.13
6.8326,6.3759,5.9822,5.0451,3.8757,2.9131,6.9512,-529.72
6.2375,2.6199,6.8667,8.2206,6.8974,5.9453,7.8409,252.95
5.6876,6.2818,4.8742,5.5239,5.5182,4.9799,3.8644,486.81
4.3365,4.9289,5.4437,4.7047,5.3221,5.5833,4.4929,399.88
6.0442,6.3098,6.2569,5.1003,7.3597,4.2926,2.977,1111.4
4.7138,6.3341,4.0585,5.3893,2.3257,6.6615,2.5526,268.59
6.3402,3.3557,5.2593,5.5916,4.8563,5.0876,4.6146,259.07
4.8453,4.9504,7.6313,6.2007,5.7856,3.4059,9.5601,-771.02
5.5326,6.8004,6.0048,3.4181,5.2267,7.8778,6.8834,-31.282
4.8706,8.0668,7.3254,3.7704,7.3601,7.1459,3.1276,1844.6
6.6721,6.5525,5.813,3.6263,5.8983,5.3338,8.704,-818.72
7.945,4.3143,4.8761,4.4384,3.2609,5.8061,5.4527,-37.456
4.5202,7.6981,5.1419,7.3794,5.6247,4.5838,8.9869,-1380.8
4.248,7.3909,6.6216,8.2563,5.755,6.5362,3.6338,1046.7
7.1003,4.8875,5.4824,5.098,5.6756,7.6063,7.2755,-32.967
6.617,6.1985,4.0745,7.1335,4.0244,5.177,6.5397,-460.8
6.1912,3.8906,5.5946,6.9204,7.4455,4.247,6.3975,220.46
6.5867,3.7246,6.3574,4.2733,4.4152,5.2909,7.5755,-199.43
5.8359,3.6401,4.7478,8.7812,5.9056,4.29,5.993,56.485
4.1267,6.9632,6.3255,3.9657,6.8954,5.7742,6.3032,398.34
4.1751,5.3893,8.9707,5.8201,2.4299,4.9108,4.3345,237.36
7.6451,7.7991,6.999,5.3101,6.3402,7.719,7.8479,-53.516
7.2887,8.2932,7.7438,5.9263,5.5433,5.076,7.5969,-229.48
5.9874,6.0439,3.531,4.552,5.1544,4.7091,4.6857,69.838
3.6549,5.4841,6.2877,5.5314,5.7359,4.9042,6.0121,209.39
5.1888,9.2518,7.8804,6.5318,5.1644,6.0592,6.9148,52.834
5.1058,6.6863,4.4378,4.3159,6.8256,4.155,7.4396,-499.42
4.1466,8.102,6.7321,9.084,7.288,7.2281,7.3544,275.6
7.0717,7.0901,5.989,5.8235,5.1038,4.5669,4.3088,518.93
4.7511,5.7865,5.2403,7.9904,6.7794,6.1445,6.4087,169.95
6.3936,6.8261,3.8708,4.859,4.1613,7.3244,6.6225,-467.02
5.2848,6.7876,5.2105,3.0699,7.0784,3.128,3.9283,667.02
5.5958,3.1145,5.8916,3.4407,8.5485,6.6157,7.8371,325.44
5.5511,4.8043,4.5811,10.016,6.5074,6.3195,7.9201,-332.12
3.4661,6.3074,6.2354,6.413,6.6906,5.8886,4.6393,793.09
5.8723,7.1246,6.2195,7.9085,6.0235,5.0611,7.7121,-384.24
5.1032,3.6684,6.7498,4.6928,7.528,8.1712,3.7797,1122.1
6.2424,6.0331,4.7599,7.3098,3.5865,7.8565,4.9367,123.48
5.1319,2.9384,7.0413,6.4389,7.9854,6.7149,5.3228,836.92
5.734,3.6409,4.7416,4.1508,7.0343,7.5297,8.5514,-166.31
7.3558,9.4163,4.9113,6.0623,7.065,8.9759,5.2562,769.26
5.224,5.4377,2.6973,4.0451,5.9901,6.6908,6.6276,-364.83
6.1332,8.1587,8.7745,5.9953,4.9776,8.9188,3.9789,1455.9
7.7496,4.8018,2.6196,5.5196,6.2776,7.2211,5.0607,85.582
3.8682,4.6057,7.9714,7.5306,7.0717,8.4409,6.4412,923.48
1.8404,6.4992,6.7944,3.1773,5.4581,9.8322,4.7216,950.3
7.337,6.9952,6.8603,7.868,7.05,6.4042,5.3072,930.8
5.7828,7.1579,4.7122,5.199,3.9434,6.3362,7.1588,-674.01
6.2783,4.163,5.9506,6.1728,7.8194,7.3662,4.5048,909.37
7.7504,4.6057,4.0131,7.8157,4.9177,7.699,3.5121,440.93
5.4841,4.776,3.2656,5.6791,6.2371,6.1029,6.534,-195.46
5.1902,5.8276,6.1605,4.4973,6.0007,4.115,2.6759,842.94
6.3727,5.9568,5.7432,5.5494,6.8425,5.3036,6.0658,315.16
5.6664,6.4024,7.4603,6.2292,7.1524,7.066,5.4202,1068.3
6.2982,5.2997,7.422,5.0916,8.0729,3.3877,8.3227,-32.588
5.5548,4.2736,6.1716,7.0838,6.1118,6.2257,6.2617,303.93
7.468,5.2032,3.955,6.4257,4.6339,4.895,3.8816,235.9
6.6178,7.09,5.7575,7.7272,7.4071,6.7365,4.487,996.96
6.167,8.2466,4.4816,6.8964,5.078,6.0725,4.364,371.25
6.9957,5.0191,8.4753,6.3468,4.1461,6.1956,7.337,-47.284
5.1539,4.3994,3.9054,7.2005,5.8055,5.122,5.2596,99.091
5.4518,4.5118,5.0839,5.1081,5.891,6.8422,6.9134,5.5893
7.3455,3.909,6.9471,4.2257,9.1106,5.1281,2.8995,1217.1
6.0042,6.0261,6.5734,7.1533,7.3164,8.1891,9.1544,-295.3
7.4496,4.7276,6.1298,8.361,7.2749,6.3213,4.0754,893.62
5.5852,8.7738,6.1558,8.8071,5.5727,6.3057,6.7449,-78.97
5.7261,6.1727,5.9534,5.0665,6.3039,5.7807,5.2309,525.34
5.6915,11.509,5.0663,5.5321,5.6895,9.0923,5.5052,430.91
4.8687,8.1795,6.9614,3.1483,3.7516,6.4359,7.5493,-706.31
7.4092,8.7322,4.0328,5.7407,6.351,4.0686,5.2296,106.19
4.3121,6.9776,6.7926,6.5153,5.9841,5.9372,3.906,987.74
5.6072,3.5547,5.9182,5.5473,6.031,7.9058,5.6768,494.37
6.2666,4.7435,7.7703,6.3459,3.7376,3.434,6.5982,-141.96
6.6028,4.1092,2.4778,6.2466,2.9418,4.1285,5.9938,-359.33
6.8843,4.3224,5.7601,7.8378,6.8518,4.8815,7.8959,-140.23
5.1581,4.32,7.1454,3.346,5.2726,4.0351,2.6417,694.2
8.1308,6.1257,6.9335,7.417,4.1537,8.4066,4.8035,560.28
6.64,7.6369,9.3781,6.0052,6.7513,3.0007,4.8808,1265.7
3.7455,6.9378,5.9496,3.4544,7.0557,5.6141,6.3347,322.25
5.3473,5.9549,3.5973,5.1839,5.7193,3.8174,7.876,-839.52
4.4604,8.4353,7.705,4.7048,7.3431,6.2633,5.0464,1400.1
8.6753,4.0001,6.5589,4.1986,3.5957,7.3772,5.9996,130.33
6.7711,3.9886,5.4167,7.8591,5.8449,7.073,8.7764,-350.03
4.7244,3.5809,8.8245,7.8064,6.4617,7.4008,5.9432,886.51
3.572,7.6113,8.6767,8.1671,4.2573,5.8451,5.1445,588.76
7.8659,4.5228,5.5702,3.419,3.0012,6.1871,6.9041,-330.92
6.1453,4.5499,4.3312,6.0762,7.942,4.4217,3.5036,583.19
5.574,3.9737,6.5315,4.4526,5.4437,4.8226,5.8292,249.61
6.3855,5.8639,6.225,7.8567,9.0359,5.7176,4.6707,1146.4
5.9628,8.3953,4.0671,5.6838,5.9602,7.0223,3.5564,688.29
6.569,5.6896,5.5584,4.1622,6.5665,5.6765,7.4891,-159.24
5.3883,5.0103,8.5062,6.9429,4.4733,5.6343,4.1562,693.13
2.4965,6.8203,6.7569,4.0266,7.7914,2.9178,3.5217,1141.8
7.161,6.0918,1.1484,5.1098,6.3319,4.9101,5.6513,-455.47
6.613,5.203,4.1145,7.8849,3.9299,5.7735,5.0388,5.8968
6.2906,6.7971,3.8385,7.978,5.8562,6.3285,5.8635,-62.695
6.8912,5.5057,5.3997,4.1634,7.9283,4.6037,6.6225,200.15
6.4052,2.5809,7.5386,5.4964,4.0649,5.5389,2.8468,494.35
6.8513,2.3921,4.9941,2.6124,10.265,5.0838,3.7,698.63
5.9401,5.5143,4.8102,5.6786,5.4315,7.7935,6.7798,-73.929
4.5104,7.7278,4.9922,8.5804,7.646,6.8318,8.9232,-899.41
7.4123,5.8566,5.8451,9.2367,4.634,6.2442,4.6376,399.09
7.1462,4.6356,6.4844,6.7974,5.5915,5.689,7.3456,-33.381
6.1479,6.7717,3.2431,7.116,7.0632,7.9372,3.7717,569.87
2.5267,5.1118,4.5077,5.9714,6.9183,3.572,2.7574,585.19
4.7172,4.07,8.8224,5.3797,5.9342,4.1838,7.0086,292.09
5.2795,7.8533,6.9597,4.2802,6.5362,6.8612,5.5905,827.28
5.2797,6.582,4.5544,5.0666,5.9128,5.7758,5.6589,105.86
6.8008,4.1326,5.5445,6.4035,5.8949,3.5191,5.1216,243.44
5.3435,4.8204,3.1097,4.4797,3.6304,5.8885,6.722,-470.16
5.1954,5.8329,2.8615,8.3684,5.2432,10.267,6.2143,-143.5
5.7611,6.7088,6.7854,5.7606,8.0016,7.0833,7.3056,494.19
5.6859,8.2817,7.6331,3.696,2.8193,7.0124,8.5128,-1347.7
7.4714,3.528,4.8769,4.9856,4.9858,3.2109,7.861,-402.14
5.0259,6.1228,7.6324,2.5435,6.4157,10.67,6.0399,1091.8
7.5193,4.9587,4.887,7.4779,6.8538,6.4853,5.613,362.37
4.7719,4.7588,7.2505,7.4732,4.3835,5.2129,4.8202,385.22
1.3263,7.054,4.5779,6.335,5.0367,7.9651,4.9213,295.18
5.9416,5.5689,7.0753,4.8606,3.9081,7.2327,3.1453,716.36
8.2779,5.4293,4.34,6.2532,3.0671,7.6652,5.1475,-14.387
8.7108,6.3152,3.4823,5.7998,6.3698,3.3559,1.423,617.6
5.8021,6.5697,4.786,4.4333,4.6672,6.2499,6.1381,-146.72
6.5385,5.846,3.8296,5.1244,3.9777,5.8465,6.0058,-279.36
6.7056,3.9676,5.2513,3.6165,9.7743,4.6409,3.6367,864.8
5.0077,8.0294,6.2454,4.993,6.4119,6.1883,5.2309,708.72
5.803,6.7787,6.1362,5.1983,3.637,8.3632,5.9093,28.626
4.4351,7.4991,7.9374,6.3251,6.6516,5.7391,5.8671,861.88
6.9185,6.6071,5.2741,5.1088,4.8849,6.0487,1.8371,831.15
7.1737,6.7098,5.1346,6.1941,7.3567,6.7147,7.1196,14.416
4.1885,3.8449,6.6093,4.7452,5.9188,5.8059,5.8633,377.4
3.7848,5.2086,6.4898,3.1309,6.0514,5.4038,5.1646,516.67
5.9234,5.4296,6.7873,5.9332,8.2163,5.3723,4.8256,1019
9.2331,4.6227,8.5105,5.6336,7.8063,4.2185,4.5604,1113.8
4.6875,6.6805,4.4699,6.0449,8.3821,7.48,6.5236,265.24
5.9431,7.1803,8.6914,6.3628,5.6751,5.5685,6.9619,333.95
8.3922,4.3357,4.6606,8.9796,5.4518,3.8606,5.7703,12.713
5.3864,5.2189,4.6346,5.1669,6.7892,5.1106,5.0817,331.08
5.3861,7.044,7.6904,5.218,8.1904,5.4423,6.8512,778.17
5.2069,6.9507,6.3363,5.4828,8.2428,7.2137,5.2922,1120.4
5.2343,4.5058,7.4094,7.7337,5.4245,6.7368,7.3354,142.53
5.0371,5.4288,5.6861,5.5692,4.73,5.8315,5.0354,270.85
5.6103,7.7212,4.2263,7.0014,6.9032,5.2438,8.5493,-1104.5
9.2007,7.9387,6.4069,6.7223,5.8452,4.6969,5.5311,429.12
3.497,9.0218,2.8782,4.0281,5.909,6.2002,4.2408,201.82
7.3208,5.3652,5.1695,5.8834,7.104,6.7508,3.1255,921.64
5.9132,7.1875,5.6728,4.8265,8.8152,6.6017,6.7157,531.96
6.9039,7.8796,8.385,6.9616,8.3157,5.1841,4.3306,1886.1
6.9673,3.3899,6.4428,5.9527,4.0535,5.3864,5.3228,196.07
5.7909,4.4772,4.9133,2.7943,6.6516,7.2022,5.1413,472.98
4.1692,6.7316,5.5217,2.5268,5.539,7.2986,4.4677,621.86
2.8324,7.6308,3.2875,6.2999,5.3168,5.6541,6.2317,-440.24
7.0843,3.9006,5.2219,3.4787,5.7145,8.1706,4.8358,515.51
10.252,6.0768,6.8361,6.2589,8.8034,5.0619,6.9611,600.7
5.7379,8.0016,7.6762,10.075,4.2164,6.9305,4.8744,609.46
4.0711,8.3701,4.5822,4.8913,5.3056,5.7106,6.1444,-208.93
4.624,3.5006,6.6703,6.3663,6.2113,3.8513,5.7774,292.26
4.8981,8.6154,4.7494,5.9997,6.08,3.734,3.1633,770.23
5.2706,4.3641,6.3079,3.4624,6.3935,3.9861,6.7655,86.006
5.982,7.2634,8.3048,6.2078,8.6118,4.6154,6.7859,988.9
5.4454,6.8826,5.0252,7.2652,7.106,4.1523,6.0875,125.81
8.6804,7.3105,6.3754,5.9532,5.3719,6.0395,5.0538,544.56
5.8138,4.7661,6.2977,8.2162,9.1739,5.1421,5.986,736.56
5.659,7.2122,8.2371,5.3218,6.4958,5.1233,5.0075,1078
5.3808,5.8997,6.6185,6.2158,7.8628,5.9935,5.7174,808.74
4.0248,3.7288,6.2361,5.953,5.7287,6.684,5.9234,357.96
6.5464,6.2423,6.8774,7.5342,3.7913,5.8735,7.6111,-530.03
6.9283,3.2745,6.1716,8.29,6.6648,6.1614,6.7271,311.12
4.6254,5.0711,4.3837,4.8113,8.2403,5.751,4.8814,517.26
7.3607,3.2425,3.8918,7.7816,7.517,4.7557,4.2139,352.03
4.7188,7.2821,4.1387,5.4306,5.1413,4.7755,5.1764,14.512
5.4616,8.3471,6.6709,8.1094,4.3409,6.9629,6.7972,-236.78
5.727,5.9445,7.1202,5.5657,5.3192,6.5825,6.4008,273.2
5.8791,6.3233,6.0025,7.5146,7.3926,5.5688,7.7651,-101.55
4.7475,8.7615,7.9125,8.4011,4.8994,8.4711,5.5216,772.27
6.1694,4.7434,6.6882,5.0144,2.3216,5.7691,7.0103,-436.15
6.7013,2.7667,5.7812,3.788,6.0302,6.5508,5.045,456.83
7.2123,4.1404,3.6102,3.5012,6.911,4.076,5.2388,109.23
6.0227,7.1626,6.4827,4.725,7.1431,5.3122,5.3551,763.87
5.5924,3.5546,4.7741,6.9821,6.4839,4.7275,6.9784,-43.318
8.0279,5.201,8.4998,4.3626,5.7469,8.5135,4.7462,1141.7
10.389,6.6248,6.1426,6.5758,8.4,4.758,7.0884,296.21
7.5543,2.6787,4.6337,5.1334,5.7333,4.446,8.4406,-281.31
4.9716,6.5684,7.7109,6.4371,8.2965,7.3535,7.264,844.47
6.1524,3.6629,5.1669,4.7481,7.6559,6.5638,3.9153,719.8
5.8043,4.1346,8.309,5.0199,6.2613,7.149,8.8362,90.489
5.9092,8.0494,5.65,7.9717,5.6227,5.8328,7.3704,-444.85
5.8286,9.167,7.6905,5.9988,6.9718,4.446,10.646,-1936.8
5.6016,5.3011,2.8513,6.4565,5.5022,5.3337,4.7011,35.578
1.9507,6.0049,6.6157,8.5841,6.5919,6.9598,6.0341,557.02
4.9938,6.8056,5.4256,7.3176,8.5869,3.1079,4.3987,818.18
4.1095,6.2146,6.1055,8.3208,5.6828,7.6315,6.4968,210.87
5.4022,5.7964,4.8717,4.5409,6.7232,9.5768,4.4934,811.92
4.6865,8.6193,4.1206,4.0156,5.8811,5.8091,5.168,156.16
5.8843,5.9442,5.6208,5.6826,5.8822,6.7848,5.1652,478.46
5.8549,7.1504,6.8382,5.5755,5.5525,6.0817,6.4781,191.57
6.7974,7.7293,5.2807,5.7211,5.3249,6.211,8.4254,-1015.8
7.3463,2.333,7.6615,5.3555,7.9596,6.977,6.0534,831.84
6.3804,5.311,5.2065,5.4986,7.4068,3.8737,4.5878,523.66
3.0813,4.3657,5.2448,3.4196,2.13,6.7523,5.1172,-71.609
7.2049,6.1322,4.205,7.4823,7.794,9.1769,5.128,659.01
6.381,5.1409,6.8757,6.2472,8.4345,6.9709,8.6341,177.58
7.9014,6.3465,7.489,8.6938,6.5904,5.7301,9.2845,-575.68
4.1672,5.0922,2.994,4.7227,3.8724,8.3833,5.0831,-20.462
6.7995,5.1865,4.8336,5.0194,8.1807,4.3502,8.2483,-378.48
6.075,5.0759,7.4185,5.1704,5.6931,6.5367,6.8909,272.09
3.6279,5.8951,4.9438,5.6554,7.3667,6.2557,5.9654,320.66
6.0871,4.351,2.9984,7.1841,9.1556,4.5887,3.8934,383.22
5.9574,4.1278,7.4228,5.1814,5.2372,8.0203,4.9571,710.51
6.7437,5.3188,7.2778,5.4947,4.9908,5.3011,5.7428,324.86
6.0906,3.2607,7.0454,2.7778,6.326,5.661,4.6832,631.58
4.9621,6.2602,4.8607,3.3656,6.7465,3.9015,7.1135,-292.75
8.3197,7.898,6.1638,5.0062,5.7504,5.5594,5.1021,556.61
3.4557,6.0183,4.7332,5.9681,5.5651,4.7747,3.8899,435.01
5.619,7.3465,3.3466,2.7946,5.8061,7.5261,7.2948,-667.67
7.6158,4.7288,4.4406,7.1721,7.0257,5.6038,5.9206,185.25
7.3296,5.5799,7.296,5.5011,6.8579,2.7218,4.0368,828.51
7.2973,5.4633,6.3505,7.3496,7.6992,7.6497,8.9401,-149.6
6.0785,4.9005,6.9903,4.9556,3.5259,5.9379,6.3617,-63.037
3.9037,1.6777,2.8015,5.8309,5.3014,6.1141,7.2355,-60.569
8.9328,5.6222,7.3397,5.8371,6.6112,6.6604,10.703,-1020.8
5.4294,7.6188,6.7792,9.0401,7.1627,6.5949,7.9922,-71.451
5.4188,6.4084,7.13,7.217,5.7863,3.9343,5.1321,533.74
9.464,5.4579,7.2686,7.0734,6.9185,7.028,7.5113,345.37
9.1988,4.9484,6.7078,4.9376,7.3479,7.5235,4.9663,994.78
9.8465,5.0139,7.3796,4.2749,3.7781,5.2021,6.7728,-120.74
6.0686,5.2532,6.7477,6.0043,9.4462,6.2285,7.4725,622.4
6.147,5.716,5.0099,6.2346,6.6536,7.5629,5.5239,451.04
6.6582,5.023,6.5598,7.5273,7.1148,5.587,6.0304,523.33
5.511,5.3062,6.333,7.1202,7.0825,3.2301,8.4541,-427.48
8.3385,6.4803,4.8991,1.6935,5.621,8.818,7.3051,-213.5
7.1429,2.5359,9.8049,6.0479,4.8039,8.3954,5.7904,761.39
6.8733,5.5034,6.5878,7.2762,6.7508,3.7256,5.9321,362.74
4.6587,7.0089,6.2006,5.2561,5.9323,6.359,3.822,918.01
4.6714,6.2168,9.4532,7.5081,5.2966,4.4032,4.5034,941.2
7.0621,5.3896,3.9388,5.4082,8.0181,7.3725,7.5644,-172.92
4.1211,6.5608,6.2315,6.5394,6.4976,7.3156,5.4156,689.17
5.3572,5.0585,2.7439,8.028,3.7866,5.293,3.663,84.477
8.3447,4.3333,5.5731,7.0448,4.6108,7.0234,6.0725,126.61
4.7106,4.8389,6.6433,4.3404,6.0162,5.6574,7.3962,11.733
7.1889,4.3092,5.6014,10.083,6.3292,2.3176,5.1538,223.73
4.685,2.2273,3.1415,2.1858,5.9561,7.1411,7.5984,-77.268
8.7323,4.2897,5.072,4.7603,6.6848,4.4122,5.9506,177.18
2.7218,8.2579,5.9273,8.2813,5.0292,5.7737,5.7254,146.33
5.5032,5.1385,7.4268,4.3816,8.6659,5.8377,6.9516,744.92
4.5186,5.2696,4.6604,6.7337,4.7669,8.0316,1.8661,717.12
4.0805,5.4325,4.5798,4.3739,4.6049,5.3908,6.3067,-209.09
2.078,5.796,5.2019,6.7606,6.32,5.0428,6.9562,-150.04
4.4409,4.9134,8.1191,7.1453,7.2454,5.2517,9.0503,-99.576
5.0505,7.4014,5.8912,4.0948,4.2408,6.8586,6.0729,-51.358
4.6134,7.0208,5.2642,7.0853,5.176,4.6852,5.0835,214.36
6.7777,5.2422,5.5835,5.6313,5.983,6.2898,7.0786,-35.59
7.3178,7.3194,4.8401,4.3053,2.6732,5.141,4.3394,11.033
5.5148,5.8032,3.9484,8.9614,7.7201,6.1328,7.381,-270.66
4.9523,5.1786,5.4653,7.155,4.189,2.2806,8.6347,-984.08
4.5188,5.1417,6.0048,8.9336,4.994,7.7062,5.9398,263.59
9.1788,4.1221,7.6057,6.1183,5.9586,3.6401,4.2686,625.82
5.8652,5.0372,5.5969,6.1036,3.2619,7.5993,4.2836,282.14
9.074,4.7876,4.4465,5.6627,9.0654,6.5256,6.3516,373.19
5.4832,6.6642,3.4407,5.8268,4.2162,4.2314,7.3692,-898.35
5.7632,5.8502,3.3753,4.7584,4.8385,7.1293,6.9256,-469.17
4.4222,6.1581,5.4267,6.4581,5.5936,7.8707,7.8505,-370.43
9.0581,4.4969,5.583,7.5065,7.374,3.442,5.1163,418.99
6.652,3.5658,7.6309,4.9871,4.7445,4.4418,3.9908,497.16
7.5332,6.7472,7.7434,5.6787,6.6906,5.6074,4.065,1257.7
6.5968,6.2372,2.9965,5.5994,4.7061,4.5407,3.2583,230.66
5.5701,8.5587,4.3246,6.1885,6.5021,6.581,4.9302,425.51
5.3528,5.3335,5.475,4.3914,10.397,5.1028,4.4548,1077
4.5709,3.5211,5.9517,3.3494,4.8151,8.3976,4.537,525.08
6.873,5.6136,4.4813,6.4178,5.7294,5.4008,4.0685,416.43
7.1723,6.79,7.2752,7.0882,6.7893,6.5599,6.7965,486.93
5.9329,7.4721,5.7733,6.2085,6.4448,5.2276,4.8653,632.19
7.1179,4.9158,7.9393,5.1761,5.7702,7.0348,3.8756,1038.5
6.7941,6.0602,6.7395,5.3711,5.3452,7.1199,3.7176,901
7.9528,4.5585,5.1924,6.2374,6.1336,3.9368,7.9596,-397.43
6.7539,6.0677,5.0262,7.0254,6.2144,4.4698,7.1511,-290.21
8.8588,4.4891,4.9027,8.4428,6.1551,5.9985,5.9395,193.9
6.8337,4.7972,6.3302,5.7303,6.1797,7.1681,4.4337,773.14
5.4609,6.0414,4.5757,6.7673,5.6387,7.3142,4.0713,537.62
7.1829,5.2405,5.5974,8.0869,6.1715,5.7087,8.2849,-422.86
7.6221,5.9617,9.0385,7.4849,6.2321,6.3948,6.251,841.61
7.0969,4.7826,6.6423,4.4344,5.9774,6.2789,5.3817,546.34
6.3559,8.3061,6.2786,6.2794,4.8406,4.3313,4.704,441.9
6.6271,5.466,6.8053,7.2692,6.7516,7.0795,5.2397,832.99
5.6366,5.2525,6.4245,5.8467,5.7934,7.0267,6.5429,262.25
6.4457,5.0752,7.3718,5.3223,6.9428,3.0489,6.651,263.18
4.8436,4.4592,6.3664,6.1331,5.0633,10.781,4.0661,895.64
5.587,5.6951,5.0283,3.3551,6.8987,5.4722,1.1837,988.61
5.419,7.8577,5.6501,5.4337,5.0302,5.9133,5.694,132.16
3.3833,9.319,7.306,4.1201,4.817,6.0253,5.1928,582.71
5.116,4.3941,7.7842,3.3741,5.6871,5.2008,5.3096,561.74
5.0948,6.5234,6.0197,3.8062,9.8215,4.28,6.9497,486.5
6.3525,6.671,6.0597,5.1341,5.1112,2.8722,7.3555,-511.28
5.8101,4.0594,6.5001,8.2055,7.3081,4.3679,7.6502,61.422
5.6255,8.5152,4.5718,4.555,6.4432,7.1008,3.8973,809.94
5.3357,6.1532,1.3614,4.2029,6.5694,4.3286,6.3617,-643.14
5.9575,5.4192,6.0823,7.732,6.7457,8.1234,5.1761,790.61
3.2936,7.1969,5.8476,4.8511,6.7853,6.7206,7.4242,-88.311
6.6561,4.9098,8.0117,8.7008,4.9984,3.5831,6.2293,179.45
6.5731,4.3519,4.7847,7.0014,7.1278,5.4185,5.6193,298.9
6.4563,7.9921,6.8348,5.0388,7.8091,3.2471,6.1586,583.54
5.5263,4.9068,6.8449,6.9772,4.5619,5.1981,6.5245,7.9892
3.0625,8.4961,6.5344,2.891,7.9966,6.845,5.3169,1199.8
5.6207,4.4156,8.2861,6.3305,4.8144,8.8921,9.4241,-282.5
4.9536,5.4764,7.679,7.8477,6.0136,4.4316,5.6828,513.74
9.327,6.6756,5.971,4.7752,6.1325,7.553,5.089,698.29
7.9632,5.2712,5.4093,4.5484,4.8405,3.5731,4.4715,257.44
8.5217,5.3533,7.002,6.6435,5.6175,5.9089,3.3446,905.48
5.6031,4.652,4.8737,5.1422,7.7759,3.5391,9.3962,-774.26
3.4417,5.3206,5.218,9.227,5.1423,5.9088,7.8346,-481.46
7.67,5.4221,6.8303,5.0305,5.2297,5.1645,3.6039,726.38
5.696,5.6089,5.5527,7.9256,5.4037,5.6182,7.1855,-231.02
7.0731,4.0444,5.4098,5.9823,4.3867,5.9316,7.359,-241.14
5.8073,6.3981,4.9628,6.0126,6.2486,5.4931,8.2749,-698.11
6.327,3.9753,5.8136,5.1558,5.9353,6.5707,5.9075,332.95
5.8383,4.067,10.509,6.8755,6.1226,6.0048,6.3057,868.24
8.1138,7.3958,6.1407,5.301,4.9015,5.843,10.177,-1852.9
5.4815,8.4035,7.8505,2.822,2.4478,7.7952,4.232,370.48
8.2042,2.9181,4.7145,5.6409,5.587,7.4452,8.8576,-240.59
4.6855,5.1342,7.5959,5.9478,6.4471,6.5961,4.5713,975.93
5.4624,8.2108,6.5751,4.6093,7.0818,5.7916,8.552,-548.2
7.4321,5.2014,4.1665,4.7098,5.4748,7.4797,5.3907,189.9
5.0217,4.2118,4.975,3.1649,5.4879,5.6201,8.9302,-630.73
5.9169,5.3178,9.4779,6.363,5.9104,4.9532,9.0075,-216.04
4.623,5.2657,3.7446,5.0513,8.2307,7.7015,5.8299,308.47
5.7073,4.3123,7.7957,3.1603,7.9317,3.38,4.1337,937.79
5.205,3.741,5.7452,6.9987,3.998,6.2465,6.7862,-93.454
5.774,2.3004,4.2398,7.7938,5.3709,6.0583,4.8685,234.47
4.6565,7.2502,4.1192,3.0332,4.9472,4.3385,6.5106,-472.25
2.8239,5.3916,4.9586,8.0059,6.0653,3.2035,8.7476,-881.97
6.0908,4.7547,7.7306,5.5911,5.3651,5.293,3.1664,863.43
6.9785,5.3996,5.9475,5.4721,5.5246,1.4616,5.3501,110.23
7.5986,6.1837,4.5047,4.1164,6.2855,5.4879,8.3306,-756.73
5.1629,6.1902,4.8908,6.063,7.9047,3.9474,5.2478,423.25
8.2032,3.4655,4.4521,5.8033,7.0017,6.8534,4.7215,467.69
4.8093,4.7407,3.7712,5.258,4.6275,4.8742,5.9587,-181.09
7.7755,5.0689,7.0157,5.8654,8.0262,4.4745,3.3187,1159.8
5.5081,3.6082,7.241,5.1349,9.0807,5.6355,6.6783,746.75
4.3104,3.5825,3.8731,5.3247,2.7022,8.7313,6.1396,-119.36
2.5932,7.3285,6.6046,6.2108,5.8543,3.5089,5.9589,202.39
6.4295,5.5304,5.8981,7.4441,5.2334,4.4178,7.5212,-377.25
6.9428,6.5482,2.9785,5.4285,4.4275,6.4299,5.508,-221.62
7.4063,2.3762,3.5087,3.9781,6.7651,4.3993,4.238,225.18
7.5662,6.7945,5.8138,6.9238,4.4638,6.4742,5.087,284.33
7.0468,6.3522,6.7249,8.106,4.9762,5.0622,2.9016,846.03
4.5856,7.9341,6.9942,5.4101,6.4596,6.6733,7.5366,11.704
7.3816,4.7291,5.1787,5.4557,5.2194,4.783,5.7455,81.407
4.399,7.1737,4.8978,5.9105,5.5078,4.6404,4.2664,418.8
5.4552,4.7768,5.7522,8.4686,4.4671,5.1389,5.556,101.16
6.6333,4.4278,6.3228,4.7963,6.5547,6.0945,5.9815,440.51
6.9954,6.4593,6.0757,4.0419,4.4986,6.2731,6.0631,37.056
6.7918,5.4441,6.1287,6.444,5.6763,4.0695,3.9355,577.37
6.1785,7.6433,6.439,6.3672,4.9377,3.185,6.8368,-337.2
6.5734,4.5785,7.6336,7.8202,2.2151,6.8519,6.1614,-132.48
5.5713,7.3161,3.9248,2.4661,1.8914,4.3982,7.5497,-1273.3
5.136,7.8725,4.8758,7.1017,6.1631,5.1329,6.6716,-232
7.9082,5.9816,4.0659,7.0378,2.5462,4.7887,8.4018,-1256.6
4.9031,5.3676,9.1762,7.0195,4.5669,8.8094,7.3607,303.77
6.8083,5.3122,5.7964,7.2243,6.0564,5.157,9.8095,-1028.2
7.241,3.3905,3.1965,8.6218,4.2103,4.7624,5.6597,-106.11
2.2732,4.8701,7.6243,6.2911,3.641,5.9889,7.9805,-438.17
9.5871,4.7741,5.6644,7.1443,7.3074,9.2983,4.035,1082.2
8.939,5.5734,5.9049,6.6764,5.6729,7.1269,5.2856,492.29
3.8821,8.473,5.8393,6.8247,5.5002,4.7631,7.9862,-854.82
4.2944,5.1755,7.1132,7.1722,5.7814,5.8109,8.5375,-337.38
6.3568,6.9861,4.3916,7.1703,6.2547,5.3109,6.9681,-356.75
7.0084,3.261,5.7374,9.612,8.3879,5.4938,5.4753,581.19
5.5942,6.0732,6.9804,5.7301,6.4737,6.444,5.0061,847.34
3.7735,7.0677,5.5075,4.5605,8.1682,6.4052,6.9312,262.05
6.3709,5.1401,3.9099,4.4305,8.2905,4.3438,6.2219,50.139
4.6084,7.4327,5.2332,3.6245,4.732,5.1979,7.7174,-808.92
7.5055,7.4069,5.3697,6.9304,4.8128,4.4364,5.6001,15.294
6.1933,8.1958,5.9721,5.4505,4.5924,6.6175,6.4832,-168.34
5.3752,4.4912,4.708,8.8052,5.9972,6.818,5.644,243.12
5.9144,4.7613,5.3552,7.7343,7.2771,5.4192,6.368,242.59
4.2117,6.0643,5.5353,6.3649,5.4194,4.9424,5.3876,217.33
5.2689,3.8575,6.0302,6.2796,7.5001,6.4347,6.7531,389.18
7.9419,7.6205,3.6789,5.3878,5.7186,4.8209,8.4227,-1294.6
4.2888,6.5314,5.9633,8.2999,3.2907,5.8149,4.3897,214.9
4.8064,6.5478,3.9244,3.5126,7.8914,8.6054,6.5858,119.7
4.4767,6.2633,6.6091,7.8628,2.5244,4.8252,6.8,-567.73
5.0268,3.1108,8.0598,8.7261,6.5344,6.6074,5.696,726.63
6.197,4.5192,9.0288,4.5534,5.5802,7.9296,4.3724,1120.7
4.0459,6.354,6.646,2.3814,5.2653,5.2105,5.7387,277.57
6.0087,6.2237,6.8199,5.1703,6.6181,5.8611,5.0043,808.79
4.3052,5.9419,5.232,4.4168,5.7897,5.0987,5.9312,91.577
5.0289,7.7635,5.8212,6.2477,7.2554,5.0923,4.7755,823.24
5.2819,6.3783,5.8497,7.528,7.2324,3.9531,5.3556,498.84
4.9789,8.4951,3.2525,6.713,3.9308,6.7681,6.7237,-828.03
5.3005,5.6743,7.5824,7.6556,4.4816,4.9608,7.4306,-252.16
3.917,5.0568,6.7825,7.663,4.5452,3.7218,6.8224,-178.91
5.1162,4.515,5.8207,7.3791,4.8628,6.6446,8.666,-528.29
4.8598,3.0641,5.6704,7.4667,5.6427,6.3772,4.0583,497.85
5.7901,4.8454,6.501,4.8311,6.1561,7.4016,5.1076,692.04
5.9589,8.6412,5.7484,3.6071,6.1231,7.7751,5.1665,699.94
3.5483,9.1591,6.3799,9.5055,6.3364,5.7162,3.1195,1367.5
4.6334,7.1231,6.0591,4.4973,7.0322,3.646,3.6718,939.93
7.7189,5.389,7.3944,7.6247,5.7037,6.4847,5.2569,680.65
8.3013,4.8012,6.3657,6.1314,7.2815,5.6397,6.7944,336.82
6.2197,7.1846,3.7192,6.5424,3.7237,4.9558,5.9709,-441.21
2.3954,4.4651,5.8623,3.3332,6.8512,5.0575,7.2247,30.654
4.1577,7.5211,5.9429,8.0585,4.7025,6.7256,7.4315,-505.41
4.3671,7.5162,2.6128,1.9815,6.0156,5.8485,4.9535,-58.149
6.6185,4.4409,8.6956,6.26,8.5137,5.8767,6.7216,1007.2
5.108,8.5884,4.8983,8.518,5.8229,5.5551,6.523,-232.61
5.6165,6.126,5.7637,5.4017,7.4603,5.9822,6.8581,221.92
5.5854,4.1854,6.0174,5.3573,6.9127,4.6165,6.9126,129.41
5.82,7.6481,4.7358,2.8055,6.6944,4.166,6.7831,-266.06
6.3384,5.532,6.8193,5.4249,5.1811,6.8303,4.4795,682.14
7.4328,5.4441,6.0826,5.065,3.247,4.6089,6.9878,-456.12
8.7687,6.1985,3.364,7.1336,6.0065,5.8226,6.5759,-331.41
3.1862,6.9111,5.0979,6.2927,5.2469,7.8244,6.0818,73.651
4.432,7.0584,3.8041,5.382,4.0809,4.9152,6.5363,-586.46
6.3467,7.2622,4.7945,5.1789,5.7771,5.0863,8.0246,-832.46
5.8191,5.407,7.7833,5.4138,6.0062,4.2657,6.2338,375.99
3.9863,9.0259,4.5154,5.5628,3.4411,6.1027,5.2735,-199.11
7.7115,5.7569,3.753,7.5972,5.7592,5.286,9.1244,-1184.4
3.0891,3.9437,7.5619,5.7448,8.239,7.8924,2.3616,1531.1
5.8579,7.7485,3.9813,5.4626,6.493,4.4755,4.6542,298.58
4.0124,7.159,2.175,5.0162,6.2375,5.8374,3.3832,244.53
6.346,8.0787,3.9445,3.2758,5.1372,4.6997,6.3887,-466.95
4.2377,6.5343,4.3354,6.5948,4.4946,6.9357,7.2474,-582.22
2.732,6.7731,6.6279,5.6061,8.6243,5.5076,6.5185,700.68
4.6643,5.7426,8.1623,2.2935,6.3769,4.9979,6.5048,497.56
6.7679,6.1356,9.111,4.9482,4.1335,8.5067,6.5827,366.12
5.355,3.6825,7.1299,5.2263,5.1216,3.9628,7.3875,-82.173
4.5112,5.7526,5.0451,4.2895,4.145,8.2926,5.2585,185.81
8.8703,5.7658,8.3913,7.8406,4.9362,6.1967,4.0371,918.41
4.8013,4.9067,4.1053,4.5993,4.4678,10.308,7.4757,-290.91
7.1145,5.0109,8.9858,6.4993,7.0532,6.3469,2.4769,1609.4
4.9873,5.4536,5.6661,7.2521,5.5656,7.3158,10.663,-1392.4
6.7312,5.8266,5.8709,4.1085,5.494,0.58197,6.1572,-151.33
8.9582,7.5435,9.3226,4.8899,3.4786,6.7676,3.6267,913.96
8.5473,7.5081,3.6348,6.9892,6.4722,6.3473,5.1231,192.65
6.4145,5.1723,8.8491,6.2343,5.6125,3.5971,5.5271,557.53
5.6227,4.8791,4.3828,6.5412,5.7645,4.3474,8.0297,-589.73
5.4148,5.8863,6.3758,4.9824,4.9222,5.702,8.3151,-615.48
6.351,8.0506,5.7891,8.1104,7.047,6.4107,7.3526,-80.913
5.3038,6.0294,6.1382,6.8748,2.8141,7.958,5.4189,11.965
7.6741,7.2676,4.6037,6.2923,6.5909,2.7288,5.6656,38.951
3.4878,2.9878,4.9175,6.0197,5.6962,8.9038,4.3988,542.59
4.3031,4.4434,4.4137,8.4103,6.089,6.0958,6.2856,33.003
6.4508,5.1493,1.5167,6.2437,6.1709,2.4246,2.1818,156.48
4.502,6.1519,6.6768,5.7432,7.903,5.075,7.8662,56.689
6.2503,7.0782,6.6956,5.6835,7.1954,5.1002,8.7423,-518.5
5.461,7.3517,5.2944,5.7643,5.4805,3.3392,7.3705,-613.51
4.3149,8.654,7.5879,4.9521,5.6132,5.5528,5.2905,764.2
4.8339,4.223,5.5719,5.5728,8.2448,5.6371,5.8228,522.17
5.2501,6.7669,8.7891,5.9733,3.2873,7.1717,5.0993,414.02
5.754,3.478,7.4176,6.4135,6.0721,4.4464,5.9353,379.63
7.0073,5.5825,7.7791,5.9241,6.6017,6.6767,8.8534,-149.34
4.9008,6.0783,9.5009,5.9772,5.5944,8.6379,5.2201,1246.6
9.0552,6.2448,7.2479,6.2063,5.2141,5.8524,4.2564,783.47
8.3739,6.0558,5.7762,4.4783,7.5036,4.0936,6.3843,247.92
6.0234,10.221,5.9295,6.3988,7.0079,7.6265,5.5876,848.73
6.0528,4.3217,3.741,4.3955,5.1063,6.1077,4.4885,200.35
2.6007,6.2533,6.1352,5.8132,4.9896,3.6557,5.2905,181.24
4.3301,6.2248,6.2832,4.8186,6.8078,7.0524,7.2041,176.83
6.9907,5.1044,3.1754,5.4444,6.0456,4.2423,4.3632,143.89
5.5257,5.4925,5.5627,3.4084,6.3017,6.2749,5.4184,429.32
6.5961,7.4869,5.4662,4.1831,4.1395,5.8278,5.6622,-40.962
3.319,6.1971,6.2882,8.1997,4.9407,6.2708,7.5553,-352.21
6.2947,5.2948,1.4254,7.7815,5.3322,8.0415,3.1572,171.44
10.033,7.2203,6.6241,6.2227,6.8658,6.0542,4.9475,938.46
4.1356,8.2934,4.5356,5.3832,3.9654,3.9131,3.6528,290.51
5.1472,4.5828,3.9282,5.1051,3.3161,6.8847,7.1414,-466.83
6.346,4.4831,6.2253,5.2858,3.1663,8.4188,7.4493,-286.51
4.0801,8.3563,6.4611,7.115,4.1868,5.7836,8.2169,-1077.1
6.5875,6.3395,5.429,5.0947,5.1088,7.2417,7.6649,-434.28
6.2787,5.5972,3.9101,4.5259,5.0177,7.727,6.8257,-284.11
3.9301,6.8032,6.4814,7.2624,6.2341,6.4855,6.4795,294.38
5.3445,6.5883,7.177,5.3591,6.6495,6.5523,5.3219,884.79
7.8268,4.6942,6.0705,7.7029,7.8314,4.385,7.5312,66.811
8.0924,7.5752,7.3405,4.6466,5.3926,4.5811,7.0648,-94.727
3.9379,6.5841,6.4656,7.721,4.778,4.8652,4.131,547.01
6.539,6.0297,2.74,6.8569,5.2174,6.0173,8.3447,-1104.2
8.0583,5.706,6.3332,5.4503,5.6341,4.3581,4.3569,563.33
7.5575,6.5492,7.1746,7.1555,5.4997,6.0044,8.0993,-353.45
6.5311,4.4952,0.13546,6.1356,6.0556,5.1588,5.5537,-438.53
1.6928,2.4192,7.0166,4.8141,2.6529,3.6797,8.0936,-343.06
6.0659,6.656,5.4155,6.1972,6.7075,7.3721,4.9294,701.89
6.3828,5.9486,6.8925,6.5828,8.2367,6.8875,8.3311,185.88
4.9645,4.5455,5.6241,4.3834,4.4272,6.1875,5.4511,162.81
3.4281,7.5131,6.6767,4.6286,4.681,8.1161,4.8847,618.59
5.1534,5.8688,6.2002,5.3416,5.9334,6.0458,5.1377,534.24
5.6946,7.8303,4.611,4.7686,5.4327,6.1696,6.6691,-334.16
4.0087,4.1703,5.4235,6.6035,3.448,4.3206,5.8029,-114.53
5.8264,3.9526,4.6121,7.5537,3.0156,5.5752,7.0111,-376.69
4.657,7.1652,3.8712,6.3266,6.582,5.4073,4.8805,256.81
3.0749,8.1298,3.3388,5.2517,5.5259,7.0428,5.8644,-236.93
3.5553,3.7265,2.5965,5.7861,6.234,5.7321,4.1399,157.22
5.746,4.2259,5.5368,5.551,6.2857,7.5988,6.0898,372.09
6.1104,4.8427,4.4664,3.0727,5.0555,6.5734,7.4118,-350.33
7.3213,5.657,2.0897,7.3304,5.9722,5.3836,3.2089,211.53
4.2906,6.643,4.6313,3.9717,3.4875,5.534,6.6645,-548.2
5.3459,6.7912,5.56,6.5778,3.2289,6.4435,8.6386,-1266.7
4.0864,6.0914,3.4331,7.3965,6.8093,5.0908,5.7664,-53.803
6.9901,3.4325,4.5027,5.4626,5.6166,5.2564,5.6267,128.84
5.7044,5.9676,5.8769,6.1734,2.39,8.197,4.2371,194.83
7.1317,4.0564,5.2735,7.2427,7.1102,6.9689,7.648,57.802
6.7992,7.775,6.3772,8.7021,8.0159,8.2555,4.0414,1610.9
6.6406,5.2035,5.4013,5.2709,6.51,7.17,4.6164,658.27
6.0964,4.639,6.2073,4.9256,8.213,4.368,6.18,468.42
8.2294,6.0981,6.1481,4.9866,5.4238,6.1746,4.2913,656.67
6.8736,6.2009,5.241,4.5162,8.3784,2.468,6.3355,154.44
6.6874,5.9472,6.0652,5.6935,4.4651,5.073,7.6846,-537.8
6.0013,6.2424,4.5931,6.6383,7.7995,8.3157,2.1634,1216.4
6.9411,5.9704,5.5837,7.54,4.9672,7.7142,7.0245,-140.16
8.8776,5.0992,2.6984,8.2282,4.8504,6.0142,8.2072,-884.18
1.6988,6.2538,5.1545,6.5766,6.1994,5.2355,4.8783,406.3
7.6804,5.1877,5.4263,3.5858,5.4586,8.2324,3.7234,734.11
6.7918,6.7554,4.6099,4.1452,5.7659,6.1468,4.8121,353.2
6.9697,5.8842,8.041,6.8607,4.8003,6.5029,5.1073,639.36
6.3771,2.8129,7.4473,5.6598,6.2508,2.5815,6.5551,164.56
3.9399,6.1047,6.3247,4.9615,4.0459,6.9868,6.079,22.334
3.6405,3.0507,4.3096,7.6357,6.2849,6.9489,5.9322,212.38
6.6212,4.9681,7.7308,4.1671,6.1092,5.7872,4.1007,935.28
5.1153,2.9474,9.7613,4.7112,4.3266,3.0922,6.4941,152.14
4.6132,4.2775,6.9045,4.2149,4.5178,6.1274,6.9746,-9.1939
6.1077,6.2414,6.3125,6.1035,5.5025,10.081,5.941,575.85
3.0732,3.8891,8.2665,6.6671,6.9167,4.1566,5.9935,570.68
7.4924,5.0835,4.2091,5.3716,6.0805,5.4275,6.2046,-35.587
5.0752,8.0781,8.064,4.5212,9.0511,9.6688,5.5674,2201.9
4.3761,4.3092,6.091,6.2292,7.5362,5.4054,6.8164,293.33
8.0203,7.0586,4.3021,5.0795,4.4913,4.5177,6.3653,-414.05
7.2429,10.501,4.0525,7.026,7.2131,8.2125,5.7471,276.78
7.6116,5.9856,7.5227,2.9711,7.3283,4.3788,5.2615,878.4
4.6608,5.565,6.9246,2.5041,5.1171,4.2653,6.1488,122.17
6.3938,4.3829,5.3079,7.398,7.1924,3.6688,4.9712,385.81
4.8475,7.5192,5.0697,6.7956,5.9597,7.7333,7.2624,-287.34
4.5094,5.6073,5.4157,7.5653,6.8922,5.1634,3.0719,845.11
4.7943,7.168,5.8878,7.5017,7.0744,5.5832,7.8198,-272.68
6.2415,4.5362,5.968,5.4588,5.8601,7.3869,6.4324,282.06
9.0576,7.1888,6.1591,6.0479,5.3571,5.8904,2.4903,1033.9
8.0966,6.9973,4.9981,6.1454,6.1493,3.841,5.5156,158.41
10.03,7.6363,5.7797,9.7494,4.0227,5.6507,4.2184,405.04
5.1805,6.4163,7.1982,1.7825,5.6994,5.9385,7.5103,-78.246
6.6249,4.6543,6.1873,3.1419,8.1923,4.4391,4.7818,749.65
5.3444,7.4199,8.4902,7.416,4.8403,7.3288,3.6867,1212
7.3002,6.3895,8.5778,7.1603,5.4034,5.4101,5.8491,601.57
3.7572,5.3444,5.986,5.9385,8.0144,6.1015,5.0002,832.2
2.49,7.6718,4.3395,6.5911,5.6353,8.9581,7.0666,-356.81
7.9195,6.5109,8.283,6.2273,7.5449,6.7101,5.1114,1417.3
4.8139,7.2006,5.7782,4.8348,6.3056,5.9719,6.8372,-7.2308
5.6587,5.6033,7.0433,5.1447,7.3528,6.9232,6.6459,622.61
5.2338,4.5579,6.905,6.288,7.2867,5.2858,4.6138,829.76
8.1378,6.1394,3.3384,6.9138,5.5608,2.2569,7.0827,-679.1
5.732,7.0352,4.8463,5.2144,7.867,6.4601,5.4324,564.34
7.0163,5.0493,5.3763,10.623,3.9057,8.8975,6.3756,-5.9188
2.6752,6.2442,7.4089,4.354,6.8621,4.3595,4.697,902.2
7.8309,5.6306,3.8262,6.705,2.7111,5.6792,6.8653,-633.88
5.4577,3.2495,6.9383,5.2287,2.3047,6.6971,4.8972,121.35
4.9795,6.581,3.3308,3.6208,6.5611,5.3724,6.8566,-450.27
4.7313,5.5584,5.1036,8.2542,7.0168,7.0383,3.1231,925.85
6.5658,2.8935,6.6605,7.9012,6.5568,3.7911,6.5915,205.78
2.7437,8.8886,4.7282,5.0176,6.1364,5.8774,4.9149,417.4
4.8012,6.6348,5.205,5.185,7.1872,6.2421,4.034,854.04
5.3977,6.5187,7.245,3.8438,6.0722,5.275,10.183,-1251.3
4.74,3.3018,4.9553,8.218,5.5445,5.0642,6.561,4.8907
9.0576,5.7382,5.6393,4.7876,5.1335,7.7995,6.2447,161.07
5.1586,8.1103,7.1625,5.4797,5.9883,6.0075,8.3512,-538.86
5.1263,7.0429,5.5234,5.5564,4.436,4.5493,7.8116,-836.22
4.2379,3.6679,7.8751,5.9086,4.5108,5.4055,2.4043,691.06
7.3665,7.8844,5.2341,6.7631,8.9027,5.1936,7.5847,-75.931
5.8651,8.2815,7.4825,7.694,6.2436,6.3588,5.4263,914.45
5.6263,3.5881,3.984,7.9356,8.5184,7.3577,4.2253,613.96
7.3632,6.7084,7.0051,5.3618,6.4903,4.8124,4.9914,777.83
6.3909,5.2573,5.6371,7.1286,8.282,8.1429,5.575,858.23
6.7448,5.1822,6.0528,4.7632,5.7911,5.0663,3.0681,751.21
7.3116,6.3397,6.0417,7.903,5.3965,5.6085,5.9995,172.51
6.2483,5.0037,6.675,5.5657,7.1289,5.8396,7.5289,168.66
7.369,3.9679,5.6982,6.0084,7.3341,3.7617,6.0112,267.09
4.5773,5.0753,6.3418,5.2001,8.5632,5.9506,7.1931,430.27
8.3672,7.7343,6.27,5.0155,6.2815,6.1952,7.2517,-74.431
7.5502,3.7318,8.0606,4.8705,7.5765,4.7347,3.7552,1024.2
4.6416,6.6381,2.6665,6.0325,7.4359,5.1485,6.3304,-348.95
6.5363,4.9022,5.7153,8.1793,6.1,4.9628,5.7839,253.12
5.7463,4.4945,6.0586,4.7291,3.5156,6.0256,7.0062,-263.68
4.6665,5.696,3.7938,5.6412,6.5669,4.4193,4.2946,298.3
6.7419,6.6869,6.3597,4.8953,4.8995,5.3252,4.3666,547.29
8.3524,2.4897,6.9297,6.3381,7.7702,7.0305,8.3745,397.59
6.748,5.458,5.6077,5.149,5.4015,9.7667,4.9708,644.1
6.0141,5.0851,7.3829,7.4832,5.4647,5.0101,3.9193,745.28
3.8023,4.7609,6.7251,4.5836,5.8191,4.8586,7.453,-77.468
6.6535,5.7997,4.0572,6.5563,5.3004,2.1524,5.3658,-101.11
7.043,7.4581,5.9577,5.4988,8.0216,5.819,3.7907,1291.4
7.1461,5.7158,4.5968,5.6223,7.1882,4.8039,6.0431,130.99
7.8735,5.7068,8.802,8.1774,7.5437,5.5221,5.5609,1189.6
5.8266,8.2754,5.2451,5.1951,4.3659,8.3371,6.4347,-221.25
7.6377,6.728,3.1134,4.7461,5.4465,3.9481,6.3252,-467.21
5.8305,7.9307,8.2161,5.672,7.2386,6.5667,8.7983,-122.86
4.4095,7.5147,5.7055,8.7838,3.2851,5.7718,7.7778,-1013.6
5.7287,6.7052,6.1859,6.0371,5.762,7.3645,5.8266,428.55
7.1619,7.4096,5.7451,7.0566,3.7625,2.266,6.5797,-548.17
8.9861,5.0291,4.194,5.0202,7.7329,5.0028,6.0409,148.53
4.1547,4.852,3.4316,5.4934,5.4402,2.4021,6.723,-441.91
6.9612,5.3558,4.8851,5.3301,3.6341,5.0308,10.1,-1589.2
5.1124,5.9001,7.223,4.1385,7.5186,7.4937,2.671,1606.7
7.072,5.3685,7.8807,8.3596,6.6562,7.115,6.4895,708.3
7.3109,4.4815,8.0752,6.3012,7.4414,7.242,5.8671,1025.1
7.0494,6.9595,5.4208,5.9896,2.9347,7.5838,5.7266,-173.31
5.5365,6.7725,5.1288,5.5245,7.6504,3.7645,6.217,157.04
7.1922,7.1272,4.3538,3.4346,3.3254,8.6775,5.0533,23.336
5.0689,5.0223,3.8558,6.4392,9.8201,6.8929,5.884,429.91
4.9681,6.3841,2.9505,5.8101,6.0269,7.9393,4.865,152.05
6.8457,5.3963,3.1603,5.6425,7.1644,6.9287,5.4822,125.25
5.2025,4.0979,5.8377,3.4923,6.3087,2.8914,5.5927,191.75
7.5486,5.6028,4.3633,5.7043,7.9193,8.0044,8.4885,-385.08
8.9203,3.4626,7.2207,9.5266,5.9445,6.3738,6.3654,432.7
7.1385,5.353,6.6038,7.6171,7.4253,1.7817,6.2712,225.76
7.2128,6.2727,5.0972,6.7581,3.8772,3.613,6.0013,-273.86
6.0386,6.7017,4.9831,2.9075,5.4167,5.2255,6.0827,-51.841
6.7973,6.5441,5.4727,6.904,6.1335,6.8009,6.1199,237.51
5.3651,6.9918,6.396,5.0998,6.6024,8.3062,8.553,-343.76
4.8463,6.7096,5.4583,3.1439,8.3573,6.0161,6.3011,477.89
3.0705,5.759,7.4569,5.6493,5.2963,7.7707,4.069,952.77
5.0871,3.6321,4.6939,7.8341,4.7219,4.6426,4.5212,185.33
5.7529,7.7305,5.7209,6.1494,8.6019,4.88,7.6684,-54.975
5.5672,5.6775,6.5338,5.6291,4.5653,6.5914,3.8231,637.35
5.4448,6.1764,5.4462,3.7415,7.5768,6.3977,5.7255,546.8
4.9228,6.4079,5.2309,6.6055,5.4068,3.7244,6.4472,-204.51
5.722,5.0527,8.2482,2.6072,3.3513,6.7094,5.7741,190.14
7.167,6.1492,5.5866,5.4929,4.4267,8.0787,3.4087,680.21
4.2569,4.5941,6.5358,5.1916,4.4096,4.8637,5.0528,250.41
3.9853,7.2219,6.5559,6.1323,6.5106,5.1527,5.2636,661.9
3.6298,6.7295,7.652,5.9679,7.6503,5.7468,5.2027,1176.4
4.3072,4.3827,7.5466,5.2268,3.6655,5.3757,9.2182,-760.11
5.566,5.5727,1.2463,4.7288,6.1174,6.5362,6.8488,-686.42
7.6518,3.9209,5.9411,4.2344,1.0584,6.0716,5.1739,-165.53
4.3503,6.181,6.876,7.1881,6.8636,4.896,6.5518,345.78
6.5819,7.4305,6.3426,8.7606,7.7845,4.4033,6.8401,277.59
5.9375,4.8515,5.5472,7.171,7.0613,8.3523,6.4577,450.18
6.0878,7.2763,8.5976,5.5527,7.3745,3.5451,7.266,445.59
6.4115,2.6633,4.7861,7.5738,4.3321,4.1033,5.378,56.493
4.804,10.076,7.677,7.5923,6.7936,4.8146,5.6917,998.46
6.5642,5.1599,6.9701,4.6394,4.1165,7.9708,5.5728,340.5
6.1033,3.3888,4.6927,4.7881,3.391,4.3336,6.005,-136.18
5.5809,5.3366,4.1905,6.4933,6.1977,4.2642,7.047,-339.92
4.9903,5.293,4.1328,6.6241,4.2475,5.0138,5.5074,-102.54
6.9918,5.2957,5.2201,7.4792,8.2261,4.5497,8.6881,-450.64
3.902,6.0291,3.3041,5.4665,5.6411,5.899,5.7426,-135.94
3.2317,6.0108,6.5555,5.8245,7.7979,4.6409,5.4546,729.71
7.3989,2.4994,3.5243,8.2686,3.9591,4.7835,5.899,-59.129
6.1927,6.6918,5.3149,4.6733,7.6454,4.8005,3.9028,881.77
7.8147,4.5714,7.242,5.0774,4.3726,6.7773,7.229,-27.614
5.6236,8.089,5.5875,8.0466,7.7416,6.4706,4.1307,1173.4
2.8045,6.7021,6.4253,5.9172,5.1827,6.4139,5.0913,486.41
6.2321,5.7531,7.6975,6.1591,2.9724,4.7807,3.6652,389.48
6.0536,7.3626,8.0587,7.1575,4.0051,6.9054,5.726,325.06
4.4802,3.7755,7.1284,4.1693,3.6306,5.294,3.912,364.01
5.8474,4.252,4.6405,5.5641,9.4568,7.8924,5.1615,789.21
5.0588,4.0167,5.7451,5.3515,6.997,5.4981,7.3971,60.958
6.2311,3.5547,7.6716,4.0777,5.753,7.9463,4.4422,868.61
5.6551,7.0668,5.3911,7.9134,6.2849,7.1869,7.2199,-142.95
3.3402,6.5614,6.2277,7.791,6.792,8.1419,8.2527,-180.24
4.6505,8.7221,2.9718,6.2718,8.2583,5.2676,5.6391,-37.783
4.4043,4.1268,4.2791,5.0475,4.6775,8.4591,4.6304,313.83
5.0255,4.7882,6.756,7.2953,3.0321,7.1752,3.3534,447.87
4.8393,6.2625,2.452,3.6651,8.5495,6.4547,7.7928,-733.46
6.094,6.3395,4.4031,8.5861,5.5448,6.1872,5.8742,2.376
4.7835,3.8926,6.7342,7.0764,3.421,5.985,6.4887,-60.313
